use,scopus_ok,slot,year,journal,publisher,citations,title,authors,volume,issue,pages,doi,query
Y,Y,imbalance,2020,IEEE Transactions on Pattern Analysis and Machine Intelligence,IEEE,0,Focal Loss for Dense Object Detection,"Lin, Tsung-Yi; Goyal, Priya; Girshick, Ross; He, Kaiming; Dollar, Piotr",42,2,318-327,10.1109/tpami.2018.2858826,MANUAL
Y,Y,evaluation,2015,PLOS ONE,PLOS,0,The Precision-Recall Plot Is More Informative than the ROC Plot When Evaluating Binary Classifiers on Imbalanced Datasets,"Saito, Takaya; Rehmsmeier, Marc",10,3,e0118432,10.1371/journal.pone.0118432,MANUAL
Y,Y,training,2012,Neural Networks: Tricks of the Trade (LNCS 7700),Springer,0,Early Stopping - But When?,"Prechelt, Lutz",7700,,53-67,10.1007/978-3-642-35289-8_5,MANUAL
Y,N,self-citation,2026,Zenodo preprint,Zenodo,0,The Metric Determines the Conclusion (prior work),Author,,,,10.5281/zenodo.21839073,MANUAL
Y,Y,base-paper,2025,Sensors,MDPI,0,Intelligent Intrusion Detection System Against Various Attacks Based on a Hybrid Deep Learning Algorithm,"Susilo, Bambang; Muis, Abdul; Sari, Riri Fitri",25,2,580,10.3390/s25020580,MANUAL
Y,Y,dataset,2023,Sensors,MDPI,0,CICIoT2023: A Real-Time Dataset and Benchmark for Large-Scale Attacks in IoT Environment,"Neto, Euclides Carlos Pinto; Dadkhah, Sajjad; Ferreira, Raphael; Zohourian, Alireza; Lu, Rongxing; Ghorbani, Ali A.",23,13,5941,10.3390/s23135941,MANUAL
Y,Y,imbalance,2002,Journal of Artificial Intelligence Research,AI Access Foundation,0,SMOTE: Synthetic Minority Over-sampling Technique,"Chawla, N. V.; Bowyer, K. W.; Hall, L. O.; Kegelmeyer, W. P.",16,,321-357,10.1613/jair.953,MANUAL
Y,Y,evaluation,2020,BMC Genomics,Springer,0,The advantages of the MCC over F1 score and accuracy in binary classification evaluation,"Chicco, Davide; Jurman, Giuseppe",21,1,6,10.1186/s12864-019-6413-7,MANUAL
Y,Y,imbalance,2019,Information Sciences,Elsevier,0,A Comprehensive Analysis of SMOTE for handling class imbalance,"Elreedy, Dina; Atiya, Amir F.",505,,32-64,10.1016/j.ins.2019.07.070,MANUAL
Y,Y,related-work,2024,Sensors,MDPI AG,136,Machine Learning and Deep Learning Techniques for Internet of Things Network Anomaly Detection—Current Research Trends,"Rafique, Saida Hafsa; Abdallah, Amira; Musa, Nura Shifa; Murugan, Thangavel",24.0,6.0,1968,10.3390/s24061968,network anomaly detection deep learning benchmark
Y,Y,evaluation,2024,Applied Sciences,MDPI AG,134,"Performance Metrics for Multilabel Emotion Classification: Comparing Micro, Macro, and Weighted F1-Scores","Hinojosa Lee, Maria Cristina; Braet, Johan; Springael, Johan",14.0,21.0,9863,10.3390/app14219863,macro F1 balanced accuracy multiclass imbalance
Y,Y,evaluation,2024,Remote Sensing,MDPI AG,129,Selecting and Interpreting Multiclass Loss and Accuracy Assessment Metrics for Classifications with Class Imbalance: Guidance and Best Practices,"Farhadpour, Sarah; Warner, Timothy A.; Maxwell, Aaron E.",16.0,3.0,533,10.3390/rs16030533,macro F1 balanced accuracy multiclass imbalance
Y,Y,related-work,2024,Applied Sciences,MDPI AG,121,XAI-IDS: Toward Proposing an Explainable Artificial Intelligence Framework for Enhancing Network Intrusion Detection Systems,"Arreche, Osvaldo; Guntur, Tanish; Abdallah, Mustafa",14.0,10.0,4170,10.3390/app14104170,explainable AI network intrusion detection
Y,Y,related-work,2024,Electronics,MDPI AG,118,IoT-Based Intrusion Detection System Using New Hybrid Deep Learning Algorithm,"Yaras, Sami; Dener, Murat",13.0,6.0,1053,10.3390/electronics13061053,CICIoT2023 intrusion detection deep learning
Y,Y,imbalance,2024,Applied Sciences,MDPI AG,114,"Enhanced Intrusion Detection with LSTM-Based Model, Feature Selection, and SMOTE for Imbalanced Data","Sayegh, Hussein Ridha; Dong, Wang; Al-madani, Ali Mansour",14.0,2.0,479,10.3390/app14020479,SMOTE oversampling intrusion detection evaluation
Y,Y,related-work,2024,Future Internet,MDPI AG,100,Multi-Class Intrusion Detection Based on Transformer for IoT Networks Using CIC-IoT-2023 Dataset,"Tseng, Shu-Ming; Wang, Yan-Qi; Wang, Yung-Chung",16.0,8.0,284,10.3390/fi16080284,IoT intrusion detection class imbalance
Y,Y,related-work,2024,Sensors,MDPI AG,93,Systematic Literature Review of IoT Botnet DDOS Attacks and Evaluation of Detection Techniques,"Gelgi, Metehan; Guan, Yueting; Arunachala, Sanjay; Samba Siva Rao, Maddi; Dragoni, Nicola",24.0,11.0,3571,10.3390/s24113571,IoT botnet detection benchmark dataset
Y,Y,dataset,2024,Algorithms,MDPI AG,92,Enhanced Intrusion Detection Systems Performance with UNSW-NB15 Data Analysis,"More, Shweta; Idrissi, Moad; Mahmoud, Haitham; Asyhari, A. Taufiq",17.0,2.0,64,10.3390/a17020064,UNSW-NB15 machine learning intrusion detection
Y,Y,related-work,2024,Electronics,MDPI AG,88,Machine Learning-Based Intrusion Detection Methods in IoT Systems: A Comprehensive Review,"Kikissagbe, Brunel Rolack; Adda, Meddi",13.0,18.0,3601,10.3390/electronics13183601,reproducibility machine learning intrusion detection
Y,Y,related-work,2025,Applied Sciences,MDPI AG,87,Explainable AI for Forensic Analysis: A Comparative Study of SHAP and LIME in Intrusion Detection Models,"Hermosilla, Pamela; Berríos, Sebastián; Allende-Cid, Héctor",15.0,13.0,7329,10.3390/app15137329,explainable AI network intrusion detection
Y,Y,related-work,2024,Mathematics,MDPI AG,73,"Next–Generation Intrusion Detection for IoT EVCS: Integrating CNN, LSTM, and GRU Models","Kilichev, Dusmurod; Turimov, Dilmurod; Kim, Wooseong",12.0,4.0,571,10.3390/math12040571,LSTM autoencoder CNN hybrid intrusion detection
Y,Y,dataset,2024,Sensors,MDPI AG,68,Encrypted Network Traffic Analysis and Classification Utilizing Machine Learning,"Alwhbi, Ibrahim A.; Zou, Cliff C.; Alharbi, Reem N.",24.0,11.0,3509,10.3390/s24113509,network traffic classification deep learning evaluation
Y,Y,imbalance,2024,Sensors,MDPI AG,67,"Optimizing IoT Intrusion Detection Using Balanced Class Distribution, Feature Selection, and Ensemble Machine Learning Techniques","Musthafa, Muhammad Bisri; Huda, Samsul; Kodera, Yuta; Ali, Md. Arshad; Araki, Shunsuke; Mwaura, Jedidah; Nogami, Yasuyuki",24.0,13.0,4293,10.3390/s24134293,IoT intrusion detection class imbalance
Y,Y,imbalance,2024,Electronics,MDPI AG,64,Addressing Class Imbalance in Intrusion Detection: A Comprehensive Evaluation of Machine Learning Approaches,"Shanmugam, Vaishnavi; Razavi-Far, Roozbeh; Hallaji, Ehsan",14.0,1.0,69,10.3390/electronics14010069,IoT intrusion detection class imbalance
Y,Y,related-work,2024,Sensors,MDPI AG,64,Optimized Intrusion Detection for IoMT Networks with Tree-Based Machine Learning and Filter-Based Feature Selection,"Balhareth, Ghaida; Ilyas, Mohammad",24.0,17.0,5712,10.3390/s24175712,feature selection intrusion detection deep learning
Y,Y,related-work,2025,Sensors,MDPI AG,61,Machine Learning-Based Security Solutions for IoT Networks: A Comprehensive Survey,"Alfahaid, Abdullah; Alalwany, Easa; Almars, Abdulqader M.; Alharbi, Fatemah; Atlam, Elsayed; Mahgoub, Imad",25.0,11.0,3341,10.3390/s25113341,deep learning IoT security survey 2025
Y,Y,imbalance,2024,Future Internet,MDPI AG,53,Advanced Hybrid Transformer-CNN Deep Learning Model for Effective Intrusion Detection Systems with Class Imbalance Mitigation Using Resampling Techniques,"Kamal, Hesham; Mashaly, Maggie",16.0,12.0,481,10.3390/fi16120481,IoT intrusion detection class imbalance
Y,Y,related-work,2025,Electronics,MDPI AG,50,"IoT–Cloud Integration Security: A Survey of Challenges, Solutions, and Directions","Almutairi, Mohammed; Sheldon, Frederick T.",14.0,7.0,1394,10.3390/electronics14071394,deep learning IoT security survey 2025
Y,Y,imbalance,2025,Computers,MDPI AG,45,Ensemble Learning for Network Intrusion Detection Based on Correlation and Embedded Feature Selection Techniques,"Nassreddine, Ghalia; Nassereddine, Mohamad; Al-Khatib, Obada",14.0,3.0,82,10.3390/computers14030082,feature selection intrusion detection deep learning
Y,Y,related-work,2024,Sensors,MDPI AG,41,Improved Intrusion Detection Based on Hybrid Deep Learning Models and Federated Learning,"Huang, Jia; Chen, Zhen; Liu, Sheng-Zheng; Zhang, Hao; Long, Hai-Xia",24.0,12.0,4002,10.3390/s24124002,CICIoT2023 intrusion detection deep learning
Y,Y,related-work,2025,Sensors,MDPI AG,36,A Heterogeneity-Aware Semi-Decentralized Model for a Lightweight Intrusion Detection System for IoT Networks Based on Federated Learning and BiLSTM,"Alsaleh, Shuroog; Menai, Mohamed El Bachir; Al-Ahmadi, Saad",25.0,4.0,1039,10.3390/s25041039,federated learning intrusion detection IoT
Y,Y,related-work,2025,Sensors,MDPI AG,34,FD-IDS: Federated Learning with Knowledge Distillation for Intrusion Detection in Non-IID IoT Environments,"Peng, Haonan; Wu, Chunming; Xiao, Yanfeng",25.0,14.0,4309,10.3390/s25144309,federated learning intrusion detection IoT
Y,Y,related-work,2025,Sensors,MDPI AG,32,HiViT-IDS: An Efficient Network Intrusion Detection Method Based on Vision Transformer,"Zhou, Hai; Zou, Haojie; Li, Wei; Li, Di; Kuang, Yinchun",25.0,6.0,1752,10.3390/s25061752,transformer network intrusion detection
Y,Y,related-work,2025,IoT,MDPI AG,32,Trustworthy Adaptive AI for Real-Time Intrusion Detection in Industrial IoT Security,"Al Rawajbeh, Mohammad; Maria Soosai, Amala Jayanthi; Ramasamy, Lakshmana Kumar; Khan, Firoz",6.0,3.0,53,10.3390/iot6030053,IoT intrusion detection class imbalance
Y,Y,imbalance,2024,Artificial Intelligence Review,Springer Science and Business Media LLC,478,"A survey on imbalanced learning: latest research, applications and future directions","Chen, Wuxing; Yang, Kaixiang; Yu, Zhiwen; Shi, Yifan; Chen, C. L. Philip",57.0,6.0,,10.1007/s10462-024-10759-6,imbalanced learning classification survey
Y,Y,imbalance,2024,Artificial Intelligence Review,Springer Science and Business Media LLC,190,Cost-sensitive learning for imbalanced medical data: a review,"Araf, Imane; Idri, Ali; Chairi, Ikram",57.0,4.0,,10.1007/s10462-023-10652-8,cost-sensitive learning imbalanced network traffic
Y,Y,imbalance,2024,Journal of Big Data,Springer Science and Business Media LLC,180,Optimizing IoT intrusion detection system: feature selection versus feature extraction in machine learning,"Li, Jing; Othman, Mohd Shahizan; Chen, Hewan; Yusuf, Lizawati Mi",11.0,1.0,,10.1186/s40537-024-00892-y,feature selection intrusion detection deep learning
Y,Y,related-work,2024,Journal of Cloud Computing,Springer Science and Business Media LLC,139,A Transformer-based network intrusion detection approach for cloud security,"Long, Zhenyue; Yan, Huiru; Shen, Guiquan; Zhang, Xiaolu; He, Haoyang; Cheng, Long",13.0,1.0,,10.1186/s13677-023-00574-9,transformer network intrusion detection
Y,Y,related-work,2025,Scientific Reports,Springer Science and Business Media LLC,122,An optimized LSTM-based deep learning model for anomaly network intrusion detection,"Dash, Nitu; Chakravarty, Sujata; Rath, Amiya Kumar; Giri, Nimay Chandra; AboRas, Kareem M.; Gowtham, N.",15.0,1.0,,10.1038/s41598-025-85248-z,network anomaly detection deep learning benchmark
Y,Y,related-work,2025,ACM Transactions on Software Engineering and Methodology,Association for Computing Machinery (ACM),96,Toward Enhancing Privacy Preservation of a Federated Learning CNN Intrusion Detection System in IoT: Method and Empirical Study,"Torre, Damiano; Chennamaneni, Anitha; Jo, JaeYun; Vyas, Gitika; Sabrsula, Brandon",34.0,2.0,1-48,10.1145/3695998,intrusion detection system evaluation methodology
Y,Y,related-work,2024,Journal of Cloud Computing,Springer Science and Business Media LLC,77,Explainable AI-based innovative hybrid ensemble model for intrusion detection,"Ahmed, Usman; Jiangbin, Zheng; Almogren, Ahmad; Khan, Sheharyar; Sadiq, Muhammad Tariq; Altameem, Ayman; Rehman, Ateeq Ur",13.0,1.0,,10.1186/s13677-024-00712-x,explainable AI network intrusion detection
Y,Y,related-work,2024,Scientific Reports,Springer Science and Business Media LLC,73,A novel multi-scale network intrusion detection model with transformer,"Xi, Chiming; Wang, Hui; Wang, Xubin",14.0,1.0,,10.1038/s41598-024-74214-w,transformer network intrusion detection
Y,Y,evaluation,2025,Artificial Intelligence Review,Springer Science and Business Media LLC,66,Don’t push the button! Exploring data leakage risks in machine learning and transfer learning,"Apicella, Andrea; Isgrò, Francesco; Prevete, Roberto",58.0,11.0,,10.1007/s10462-025-11326-3,data leakage preprocessing machine learning security
Y,Y,imbalance,2024,Journal of Big Data,Springer Science and Business Media LLC,65,Hybrid wrapper feature selection method based on genetic algorithm and extreme learning machine for intrusion detection,"Maseno, Elijah M.; Wang, Zenghui",11.0,1.0,,10.1186/s40537-024-00887-9,feature selection intrusion detection deep learning
Y,Y,related-work,2025,PeerJ Computer Science,PeerJ,55,Federated learning with LSTM for intrusion detection in IoT-based wireless sensor networks: a multi-dataset analysis,"Anwar, Raja Waseem; Abrar, Mohammad; Salam, Abdu; Ullah, Faizan",11.0,,e2751,10.7717/peerj-cs.2751,federated learning intrusion detection IoT
Y,Y,related-work,2024,Expert Systems,Wiley,54,"A comprehensive survey on deep learning‐based intrusion detection systems in Internet of Things (
                    <scp>IoT</scp>
                    )","Al‐Haija, Qasem Abu; Droos, Ayat",42.0,2.0,,10.1111/exsy.13726,deep learning IoT security survey 2025
N,,,2024,Artificial Intelligence Review,Springer Science and Business Media LLC,50,Heterogeneous wireless network selection using feed forward double hierarchy linguistic neural network,"Abdullah, Saleem; Ullah, Ihsan; Ghani, Fazal",57.0,8.0,,10.1007/s10462-024-10826-y,checkpoint selection validation neural network training
Y,Y,related-work,2024,Cybersecurity,Springer Science and Business Media LLC,48,Classification of DDoS attack traffic on SDN network environment using deep learning,"Clinton, Urikhimbam Boby; Hoque, Nazrul; Robindro Singh, Khumukcham",7.0,1.0,,10.1186/s42400-024-00219-7,network traffic classification deep learning evaluation
Y,Y,imbalance,2025,ACM Computing Surveys,Association for Computing Machinery (ACM),35,Class-Imbalanced Learning on Graphs: A Survey,"Ma, Yihong; Tian, Yijun; Moniz, Nuno; Chawla, Nitesh V.",57.0,8.0,1-16,10.1145/3718734,imbalanced learning classification survey
Y,Y,related-work,2024,Cybersecurity,Springer Science and Business Media LLC,30,Intrusion detection system for controller area network,"Tanksale, Vinayak",7.0,1.0,,10.1186/s42400-023-00195-4,focal loss network intrusion detection
Y,Y,related-work,2025,WIREs Data Mining and Knowledge Discovery,Wiley,30,Optimizing Intrusion Detection for <scp>IoT</scp>: A Systematic Review of Machine Learning and Deep Learning Approaches With Feature Selection and Data Balancing,"Mallidi, S. Kumar Reddy; Ramisetty, Rajeswara Rao",15.0,2.0,,10.1002/widm.70008,feature selection intrusion detection deep learning
N,,,2024,PeerJ Computer Science,PeerJ,26,Comparative evaluation of machine learning algorithms for phishing site detection,"Almujahid, Noura Fahad; Haq, Mohd Anul; Alshehri, Mohammed",10.0,,e2131,10.7717/peerj-cs.2131,pitfalls machine learning computer security evaluation
Y,Y,related-work,2025,Cybersecurity,Springer Science and Business Media LLC,26,Intrusion detection in the internet of things using convolutional neural networks: an explainable AI approach,"Ebrahimi, Fatemeh; Javidan, Reza; Akbari, Reza; Hosseini, Yasin",8.0,1.0,,10.1186/s42400-025-00369-2,explainable AI network intrusion detection
Y,Y,related-work,2025,SECURITY AND PRIVACY,Wiley,24,"Enhancing Intrusion Detection Systems With Advanced Machine Learning Techniques: An Ensemble and Explainable Artificial Intelligence (
                    <scp>AI</scp>
                    ) Approach","Naif Alatawi, Mohammed",8.0,1.0,,10.1002/spy2.496,explainable AI network intrusion detection
Y,Y,related-work,2025,Discover Internet of Things,Springer Science and Business Media LLC,24,Development of an intelligent intrusion detection system for IoT networks using deep learning,"Zhang, Haozhe",5.0,1.0,,10.1007/s43926-025-00177-7,CICIoT2023 intrusion detection deep learning
Y,Y,rare-class,2025,Scientific Reports,Springer Science and Business Media LLC,22,An enhanced ensemble defense framework for boosting adversarial robustness of intrusion detection systems,"Awad, Zeinab; Zakaria, Magdy; Hassan, Rasha",15.0,1.0,,10.1038/s41598-025-94023-z,adversarial robustness intrusion detection
N,,,2024,PeerJ Computer Science,PeerJ,21,Enhancing Alzheimer’s disease classification through split federated learning and GANs for imbalanced datasets,"Narayanee Nimeshika, G; D, Subitha",10.0,,e2459,10.7717/peerj-cs.2459,imbalanced learning classification survey
Y,Y,related-work,2025,Cybersecurity,Springer Science and Business Media LLC,20,Federated two-stage transformer-based network for intrusion detection in non-IID data of controller area networks,"Zhang, Yuan; Song, Jiaru; Sun, Yongxiong; Gao, Zhanheng; Hu, Zhe; Sun, Minghui",8.0,1.0,,10.1186/s42400-024-00329-2,transformer network intrusion detection
Y,Y,imbalance,2024,SECURITY AND PRIVACY,Wiley,19,Network intrusion detection system for IoT security using machine learning and statistical based hybrid feature selection,"Walling, Supongmen; Lodh, Sibesh",7.0,6.0,,10.1002/spy2.429,feature selection intrusion detection deep learning
Y,Y,imbalance,2024,Concurrency and Computation: Practice and Experience,Wiley,18,Building an intrusion detection system on <scp>UNSW</scp>‐<scp>NB15</scp>: Reducing the margin of error to deal with data overlap and imbalance,"Zoghi, Zeinab; Serpen, Gursel",36.0,25.0,,10.1002/cpe.8242,UNSW-NB15 machine learning intrusion detection
Y,Y,training,2025,Neural Computing and Applications,Springer Science and Business Media LLC,18,"Explainable deep learning techniques for wind speed forecasting in coastal areas: Integrating model configuration, regularization, early stopping, and SHAP analysis","Durap, Ahmet",37.0,25.0,21219-21257,10.1007/s00521-025-11433-w,early stopping model selection deep learning
Y,Y,imbalance,2025,Artificial Intelligence Review,Springer Science and Business Media LLC,16,An experimental survey of imbalanced learning algorithms for bankruptcy prediction,"Gnip, Peter; Kanász, Róbert; Zoričak, Martin; Drotár, Peter",58.0,4.0,,10.1007/s10462-025-11107-y,imbalanced learning classification survey
Y,Y,imbalance,2025,International Journal of Information Technology,Springer Science and Business Media LLC,15,Deep learning meets oversampling: a learning framework to handle imbalanced classification,"Kishanthan, Sukumar; Hevapathige, Asela",17.0,8.0,4491-4503,10.1007/s41870-025-02690-y,imbalanced learning classification survey
Y,Y,related-work,2024,EURASIP Journal on Information Security,Springer Science and Business Media LLC,15,DCNN: a novel binary and multi-class network intrusion detection model via deep convolutional neural network,"Shebl, Ahmed; Elsedimy, E. I.; Ismail, A.; Salama, A. A.; Herajy, Mostafa",2024.0,1.0,,10.1186/s13635-024-00184-1,rare class detection network security deep learning
N,,,2024,Scientific Reports,Springer Science and Business Media LLC,15,Machine learning-based diagnostic prediction of IgA nephropathy: model development and validation study,"Noda, Ryunosuke; Ichikawa, Daisuke; Shibagaki, Yugo",14.0,1.0,,10.1038/s41598-024-63339-7,model selection validation split machine learning
N,,,2025,Journal of Computer Assisted Learning,Wiley,12,"A Critical Review of Using Learning Analytics for Formative Assessment: Progress, Pitfalls and Path Forward","Banihashem, Seyyed Kazem; Gašević, Dragan; Noroozi, Omid",41.0,3.0,,10.1111/jcal.70056,pitfalls machine learning computer security evaluation
Y,Y,evaluation,2025,PeerJ Computer Science,PeerJ,11,"Data leakage detection in machine learning code: transfer learning, active learning, or low-shot prompting?","Alturayeif, Nouf; Hassine, Jameleddine",11.0,,e2730,10.7717/peerj-cs.2730,data leakage preprocessing machine learning security
N,,,2024,The Journal of Supercomputing,Springer Science and Business Media LLC,11,A novel hybrid deep learning model for early stage diabetes risk prediction,"Bülbül, Mehmet Akif",80.0,13.0,19462-19484,10.1007/s11227-024-06211-9,early stopping model selection deep learning
Y,Y,training,2024,Scientific Reports,Springer Science and Business Media LLC,11,Resource constrained neural network training,"Pietrołaj, Mariusz; Blok, Marek",14.0,1.0,,10.1038/s41598-024-52356-1,checkpoint selection validation neural network training
N,,,2025,Scientific Reports,Springer Science and Business Media LLC,9,Improving early detection of Alzheimer’s disease through MRI slice selection and deep learning techniques,"Şener, Begüm; Açıcı, Koray; Sümer, Emre",15.0,1.0,,10.1038/s41598-025-14476-0,early stopping model selection deep learning
Y,Y,related-work,2025,SECURITY AND PRIVACY,Wiley,9,A Systematic Review of Machine Learning and Deep Learning Techniques for DDoS Attack Mitigation in IoT and Edge Computing Systems,"Osei Owusu, Emmanuel; Danlard, Iddrisu; Opoku, Gideon; Dede, Albert; Selorm Klogo, Griffith; Osei Boateng, Kwame; Kofi Akowuah, Emmanuel",9.0,1.0,,10.1002/spy2.70147,deep learning IoT security survey 2025
Y,Y,related-work,2025,International Journal of Communication Systems,Wiley,8,Enhanced Network Intrusion Detection Systems With Explainable Artificial Intelligence for Network Security,"Dasari, Anil Kumar; Bisawas, Saroj Kr.; Purkayastha, Biswajit",38.0,14.0,,10.1002/dac.70209,explainable AI network intrusion detection
Y,Y,imbalance,2025,Machine Learning,Springer Science and Business Media LLC,7,Cost-sensitive classification with cost uncertainty: do we need surrogate losses?,"Komisarenko, Viacheslav; Kull, Meelis",114.0,6.0,,10.1007/s10994-024-06634-8,cost-sensitive learning imbalanced network traffic
Y,Y,evaluation,2024,Communications of the ACM,Association for Computing Machinery (ACM),7,Pitfalls in Machine Learning for Computer Security,"Arp, Daniel; Quiring, Erwin; Pendlebury, Feargus; Warnecke, Alexander; Pierazzi, Fabio; Wressnegger, Christian; Cavallaro, Lorenzo; Rieck, Konrad",67.0,11.0,104-112,10.1145/3643456,pitfalls machine learning computer security evaluation
N,,,2025,Scientific Reports,Springer Science and Business Media LLC,7,Evaluation of machine learning and deep learning algorithms for fire prediction in Southeast Asia,"Eaturu, Aditya; Vadrevu, Krishna Prasad",15.0,1.0,,10.1038/s41598-025-00628-9,CICIDS2017 evaluation deep learning
Y,Y,imbalance,2025,PeerJ Computer Science,PeerJ,7,Machine learning techniques for imbalanced multiclass malware classification through adaptive feature selection,"Panda, Binayak; Bisoyi, Sudhanshu Shekhar; Panigrahy, Sidhanta; Mohanty, Prithviraj",11.0,,e2752,10.7717/peerj-cs.2752,imbalanced learning classification survey
Y,Y,related-work,2025,PeerJ Computer Science,PeerJ,6,Adaptive graph attention-based federated learning for IoT intrusion detection: mitigating poisoning attacks,"Sanjalawe, Yousef; Al-E’mari, Salam; Alqurashi, Tahani; Alharbi, Zahyah H.; Makhadmeh, Sharif Naser; Alsharaiah, Mohammad",11.0,,e3281,10.7717/peerj-cs.3281,federated learning intrusion detection IoT
Y,Y,related-work,2025,Scientific Reports,Springer Science and Business Media LLC,6,D3O-IIoT: deep reinforcement learning-driven dynamic deception orchestration for industrial IoT security,"Wushishi, Usman; Hussain, Altaf; Khalid, Muhammad Imran; Hussain, Nasir; Jamjoom, Mona; Ullah, Zahid",16.0,1.0,,10.1038/s41598-025-33426-4,deep learning IoT security survey 2025
Y,Y,evaluation,2025,PeerJ Computer Science,PeerJ,6,Evaluating the method reproducibility of deep learning models in biodiversity research,"Ahmed, Waqas; Kommineni, Vamsi Krishna; König-Ries, Birgitta; Gaikwad, Jitendra; Gadelha, Luiz; Samuel, Sheeba",11.0,,e2618,10.7717/peerj-cs.2618,random seed variance deep learning reproducibility
N,,,2025,GigaScience,Oxford University Press (OUP),5,DeepAnnotation: A novel interpretable deep learning–based genomic selection model that integrates comprehensive functional annotations,"Ma, Wenlong; Zheng, Weigang; Qin, Shenghua; Wang, Chao; Lei, Bowen; Liu, Yuwen",14.0,,,10.1093/gigascience/giaf083,early stopping model selection deep learning
Y,Y,dataset,2025,International Journal of Network Management,Wiley,5,Real‐Time Encrypted Traffic Classification in Programmable Networks with P4 and Machine Learning,"Akem, Aristide Tanyi‐Jong; Fraysse, Guillaume; Fiore, Marco",35.0,1.0,,10.1002/nem.2320,network traffic classification deep learning evaluation
Y,Y,related-work,2026,Cybersecurity,Springer Science and Business Media LLC,5,Feature reduction in federated learning for intrusion detection in IoT networks,"Nguyen, Thien D.; Alazab, Ammar; Khraisat, Ansam; Jan, Tony",9.0,1.0,,10.1186/s42400-025-00509-8,federated learning intrusion detection IoT
N,,,2025,Neural Processing Letters,Springer Science and Business Media LLC,5,Predicting Depression in Older Adults: A Novel Feature Selection and Neural Network Framework,"Javeed, Ashir; Anderberg, Peter; Ghazi, Ahmad Nauman; Saleem, Muhammad Asim; Sanmartin Berglund, Johan",57.0,3.0,,10.1007/s11063-025-11760-y,checkpoint selection validation neural network training
N,,,2024,Journal of Computer Assisted Learning,Wiley,5,"The physical, social, and mental conditions of machine learning in student health evaluation","Tyulepberdinova, Gulnur; Mansurova, Madina; Sarsembayeva, Talshyn; Issabayeva, Sulu; Issabayeva, Darazha",40.0,5.0,2020-2030,10.1111/jcal.12999,pitfalls machine learning computer security evaluation
Y,Y,imbalance,2025,PeerJ Computer Science,PeerJ,4,Optimized customer churn prediction using tabular generative adversarial network (GAN)-based hybrid sampling method and cost-sensitive learning,"Adiputra, I Nyoman Mahayasa; Wanchai, Paweena; Lin, Pei-Chun",11.0,,e2949,10.7717/peerj-cs.2949,cost-sensitive learning imbalanced network traffic
N,,,2024,Behaviormetrika,Springer Science and Business Media LLC,4,Maximal Pearson’s correlation coefficient between Likert items from the viewpoint of Hitchcock’s transportation problem,"Shojima, Kojiro",52.0,2.0,505-528,10.1007/s41237-024-00235-4,Matthews correlation coefficient classification evaluation
N,,,2024,Biometrical Journal,Wiley,4,A novel nonparametric time‐dependent precision–recall curve estimator for right‐censored survival data,"Beyene, Kassu Mehari; Chen, Ding‐Geng; Kifle, Yehenew Getachew",66.0,3.0,,10.1002/bimj.202300135,precision recall curve imbalanced evaluation
Y,Y,training,2025,Soft Computing,Springer Science and Business Media LLC,4,Early stopping strategies in Deep Image Prior,"Benfenati, Alessandro; Catozzi, Ambra; Franchini, Giorgia; Porta, Federica",29.0,8.0,4153-4174,10.1007/s00500-025-10642-8,early stopping model selection deep learning
Y,Y,related-work,2025,SECURITY AND PRIVACY,Wiley,4,"Leveraging Machine Learning and Deep Learning in
                    <scp>IoT</scp>
                    Security: A Review","Zahid, Mohammad; Bharati, Taran Singh",9.0,1.0,,10.1002/spy2.70144,deep learning IoT security survey 2025
Y,Y,training,2025,Neural Computing and Applications,Springer Science and Business Media LLC,4,AdamZ: an enhanced optimisation method for neural network training,"Zaznov, Ilia; Badii, Atta; Kunkel, Julian; Dufour, Alfonso",37.0,32.0,26887-26914,10.1007/s00521-025-11649-w,checkpoint selection validation neural network training
N,,,2025,Precision Radiation Oncology,Wiley,4,"Incidence, risk factors, and CT characteristics of radiation recall pneumonitis induced by COVID‐19 infection in lung cancer","Yun, Wenhua; Wen, Junxu; Zhai, Xueying; Yin, Xiaoyan; Meng, Xiangjiao",9.0,3.0,177-184,10.1002/pro6.70025,precision recall curve imbalanced evaluation
Y,Y,imbalance,2024,Neural Processing Letters,Springer Science and Business Media LLC,4,Class-Balanced Regularization for Long-Tailed Recognition,"Xu, Yuge; Lyu, Chuanlong",56.0,3.0,,10.1007/s11063-024-11624-x,long-tailed recognition deep learning
Y,Y,imbalance,2025,Scientific Reports,Springer Science and Business Media LLC,4,A deep convolutional neural network-based novel class balancing for imbalance data segmentation,"Kalsoom, Atifa; Iftikhar, M. A.; Ali, Amjad; Shah, Zubair; Balakrishnan, Shidin; Ali, Hazrat",15.0,1.0,,10.1038/s41598-025-04952-y,class weighting neural network training imbalance
N,,,2025,Scientific Reports,Springer Science and Business Media LLC,4,Deep learning based SentiNet architecture with hyperparameter optimization for sentiment analysis of customer reviews,"Madhurika, B.; Malleswari, D. Naga",15.0,1.0,,10.1038/s41598-025-19532-3,hyperparameter sensitivity deep learning security
Y,Y,imbalance,2024,Machine Learning,Springer Science and Business Media LLC,3,Local neighborhood encodings for imbalanced data classification,"Koziarski, Michał; Woźniak, Michał",113.0,10.0,7421-7449,10.1007/s10994-024-06563-6,imbalanced learning classification survey
Y,Y,imbalance,2024,Expert Systems,Wiley,3,"<scp>BENN</scp>
                    : Balanced Ensemble Neural Network for Handling Class Imbalance in Big Data","Ramesh, Sneha Halebeedu; Basava, Annappa; Perumal, Sankar Pariserum",42.0,2.0,,10.1111/exsy.13754,macro F1 balanced accuracy multiclass imbalance
Y,Y,training,2024,Advances in Computational Mathematics,Springer Science and Business Media LLC,3,Limitations of neural network training due to numerical instability of backpropagation,"Karner, Clemens; Kazeev, Vladimir; Petersen, Philipp Christian",50.0,1.0,,10.1007/s10444-024-10106-x,training instability neural network variance
N,,,2024,International Journal of Computational Intelligence Systems,Springer Science and Business Media LLC,3,A Novel Training Approach in Deep Spiking Neural Network Based on Fuzzy Weighting and Meta-heuristic Algorithm,"Hamian, Melika; Faez, Karim; Nazari, Soheila; Sabeti, Malihe",17.0,1.0,,10.1007/s44196-024-00425-8,class weighting neural network training imbalance
Y,Y,evaluation,2026,Scientific Reports,Springer Science and Business Media LLC,3,Usmile likelihood evaluation provides robust threshold free assessment of binary classification models for balanced and imbalanced datasets,"Więckowska, Barbara; Guzik, Przemysław",16.0,1.0,,10.1038/s41598-026-40545-z,decision threshold optimization imbalanced classification
N,,,2024,PeerJ Computer Science,PeerJ,3,"Classifying software security requirements into confidentiality, integrity, and availability using machine learning approaches","Bagies, Taghreed",10.0,,e2554,10.7717/peerj-cs.2554,pitfalls machine learning computer security evaluation
N,,RETRACTED-excluded,2024,Journal of Intelligent &amp; Fuzzy Systems,SAGE Publications,3,RETRACTED: An effective ensemble classification framework for intrusion detection system using LSTM autoencoder,"Ketepalli, Gayatri; Bulla, Premamayudu",46.0,4.0,7613-7626,10.3233/jifs-232228,LSTM autoencoder CNN hybrid intrusion detection
Y,Y,rare-class,2025,Scientific Reports,Springer Science and Business Media LLC,3,Federated transfer learning for rare attack class detection in network intrusion detection systems,"Sri Abhijit, Chunduru; Annie Jerusha, Y.; Syed Ibrahim, S. P.; Varadharajan, Vijay",15.0,1.0,,10.1038/s41598-025-02068-x,rare class detection network security deep learning
Y,Y,related-work,2026,Discover Internet of Things,Springer Science and Business Media LLC,3,Explainable federated learning through causal reasoning for intrusion detection in IoT,"Asiri, Fatima",6.0,1.0,,10.1007/s43926-026-00292-z,federated learning intrusion detection IoT
N,,,2024,Intelligent Decision Technologies,SAGE Publications,3,Application of machine learning algorithm and data evaluation in computer network security situation awareness technology,"Zhang, Xuxia; Chen, Weijie; Wang, Jian; Fang, Rang",18.0,4.0,2827-2839,10.3233/idt-230238,pitfalls machine learning computer security evaluation
Y,Y,related-work,2025,Journal of Forensic Sciences,Wiley,2,Enhancing malware detection and classification in network traffic using deep learning techniques,"Tambewagh, Pratibha Amol; Ingle, Dayanand",71.0,1.0,353-370,10.1111/1556-4029.70189,network traffic classification deep learning evaluation
Y,Y,related-work,2025,SECURITY AND PRIVACY,Wiley,2,Enhancing VANET Security Using a Hybrid Model of Deep Learning and Homomorphic Encryption,"Hayouni, Haythem",8.0,6.0,,10.1002/spy2.70109,deep learning IoT security survey 2025
N,,,2025,Scientific Reports,Springer Science and Business Media LLC,2,Improved Inception-Capsule deep learning model with enhanced feature selection for early prediction of heart disease,"Nayak, Meghavathu S. S.; Syed, Hussain",15.0,1.0,,10.1038/s41598-025-18551-4,early stopping model selection deep learning
Y,Y,evaluation,2025,Scientific Reports,Springer Science and Business Media LLC,2,Reproducibility of digital pathology features extracted from deep learning and foundational AI models on sequential tissue slides,"Balan, Jagadheshwar; Larson, Nicholas B.",16.0,1.0,,10.1038/s41598-025-30947-w,random seed variance deep learning reproducibility
N,,,2026,Scientific Reports,Springer Science and Business Media LLC,2,Comparative evaluation of machine learning and deep learning approaches for compressive strength prediction of geopolymer concrete,"Ezz, H.; Bakr, S. M.",16.0,1.0,,10.1038/s41598-026-50705-w,CICIDS2017 evaluation deep learning
Y,Y,rare-class,2025,The Computer Journal,Oxford University Press (OUP),2,On adversarial attack detection in intrusion detection system with graph neural network,"Zhang, Kai; Li, Qingqing; Ning, Jianting; Gong, Junqing; Qian, Haifeng",69.0,1.0,18-27,10.1093/comjnl/bxaf096,adversarial robustness intrusion detection
N,,,2025,Oikos,Wiley,1,The sample size of the typical ecological correlation coefficient is small and slowly declining,"Fox, Jeremy W.",2025.0,12.0,,10.1002/oik.11430,Matthews correlation coefficient classification evaluation
Y,Y,related-work,2025,SECURITY AND PRIVACY,Wiley,1,"Design and Implementation of Network Intrusion Detection System (
                    <scp>NIDS</scp>
                    ) Based on Deep Learning","Wang, Wenzhi; Liu, Zhanqiao",8.0,6.0,,10.1002/spy2.70133,rare class detection network security deep learning
Y,Y,related-work,2025,Web Intelligence,SAGE Publications,1,Hybrid optimization based deep stacked autoencoder for routing and intrusion detection,"Boopathi, Mythili",23.0,1.0,3-22,10.3233/web-230109a,LSTM autoencoder CNN hybrid intrusion detection
Y,Y,related-work,2026,Cybersecurity,Springer Science and Business Media LLC,1,Enhancing early detection and accuracy in image-based network intrusion detection systems,"Abo-Alian, Alshaimaa; Prince AbdelHalim, Alaa; Badr, Nagwa",9.0,1.0,,10.1186/s42400-025-00475-1,focal loss network intrusion detection
N,,,2025,SECURITY AND PRIVACY,Wiley,1,User Data Privacy Protection Based on Machine Learning and Encryption Algorithms,"Li, Hong; Liu, Shuang; Tang, Taiyue",8.0,4.0,,10.1002/spy2.70051,data leakage preprocessing machine learning security
N,,,2025,Journal of Big Data,Springer Science and Business Media LLC,1,Ulnar variance detection from radiographic images using deep learning,"Nooh, Sahar; Koura, Abdelrahim; Kayed, Mohammed",12.0,1.0,,10.1186/s40537-025-01072-2,random seed variance deep learning reproducibility
N,,,2026,Scientific Reports,Springer Science and Business Media LLC,1,Intelligent early warning model for financial risks of new energy vehicle enterprises based on deep learning,"Zou, Ling; Wang, Ran",,,,10.1038/s41598-026-55203-7,early stopping model selection deep learning
N,,,2024,Intelligent Decision Technologies,SAGE Publications,1,ACOA: Archimedes conditional autoregressive optimization algorithm based RMDL for web data classification,"Ramesh, Kante; Mohanasundaram, R",19.0,1.0,150-174,10.1177/18724981241292884,decision threshold optimization imbalanced classification
N,,,2025,Monthly Notices of the Royal Astronomical Society,Oxford University Press (OUP),1,Atmospheric model-trained machine learning selection and classification of ultracool TY dwarfs,"Biswas, Ankit",541.0,2.0,1670-1681,10.1093/mnras/staf1084,model selection validation split machine learning
